Ghlin,Hainaut
Liège,Liege
Laken,Brussels
Oostmalle,Antwerpen
Blicquy,Hainaut
Bevel,Antwerpen
Trazegnies,Hainaut
Sint-Amands,Antwerpen
Leest,Antwerpen
Bottelare,OostVlaanderen
Ekeren,Antwerpen
Fontaine-Valmont,Hainaut
Nevele,OostVlaanderen
Bazel,OostVlaanderen
Neerpelt,Limburg
Sirault,Hainaut
Hornu,Hainaut
Bierset,Liege
Monceau-sur-Sambre,Hainaut
Peruwelz,Hainaut
Asper,OostVlaanderen
Quevaucamps,Hainaut
Berg,VlaamsBrabant
Veltem-Beisem,VlaamsBrabant
Chercq,Hainaut
Pont-a-Celles,Hainaut
Bury,Hainaut
Thulin,Hainaut
Blandain,Hainaut
Luingne,Hainaut
Baal,VlaamsBrabant
Merksem,Antwerpen
Tertre,Hainaut
Lyz-Les-Lannoy,Hauts-de-France
Moriensart,BrabantWallon
Bost,VlaamsBrabant
Chaumont-gistoux,BrabantWallon
Ixelle,Brussels
Jemappes,Hainaut
Voroux-lez-Liers,Liege
Harchies,Hainaut
Braine-Le-Comte,Hainaut
Harmignies,Hainaut
Villers-la-ville,BrabantWallon
Pécrot,BrabantWallon
Erps-Kwerps,VlaamsBrabant
Wilsele,VlaamsBrabant
Hennuyeres,Hainaut
Saisinne,Hainaut
Gentbrugge,OostVlaanderen
Gent,OostVlaanderen
Callenelle,Hainaut
Koersel,Limburg
Blaton,Hainaut
Strépy-Bracquegnies,Hainaut
Eghezee,Namur
Assebroek,WestVlaanderen
Autre-eglise,BrabantWallon
Bevere,OostVlaanderen
Hulste,WestVlaanderen
Bousbecque,Hauts-de-France
Haasrode,VlaamsBrabant
Havré,Hainaut
Luttre,Hainaut
Ramsel,Antwerpen
Averbode,VlaamsBrabant
Geheul,Antwerpen
Antheit,Liege
Tourpes,Hainaut
Steekokkerzeel,VlaamsBrabant
Bon-Secours,Hainaut
Temploux,Namur
Sint-Gilles,Brussels
Mélin,BrabantWallon
Leers - France,Hauts-de-France
Ligny,Namur
Maplaigne,Hainaut
Sint-Joost-ten-Noode,Antwerpen
Champion,Namur
Chaineux,Liege
Kaggevinne,VlaamsBrabant
Ladeuze,Hainaut
Lillois-Witterzée,BrabantWallon
Aisemont,Namur
Buissenal,Hainaut
Kersbeek-Miskom,VlaamsBrabant
Baudour,Hainaut
Braffe,Hainaut
Montignies-sur-Sambre,Hainaut
Ploegsteert,Hainaut
Dolembreux,Liege
Kaulille,Limburg
La hulpe,BrabantWallon
Fontaine-l'Évêque,Hainaut
Waasmont,VlaamsBrabant
Ettelgem,WestVlaanderen
Braine-l'Alleud,BrabantWallon
Broechem,Antwerpen
Gaurain-Ramecroix,Hainaut
Haulchin,Hainaut
Ramegnies-Chin,Hainaut
Hoevenen,Antwerpen
Sterrebeek,VlaamsBrabant
Froyennes,Hainaut
Wambrechies,Hauts-de-France
Maffe,Namur
Mont-saint-guibert,BrabantWallon
Kermt,Limburg
Naast,Hainaut
Huldenbergh,VlaamsBrabant
Bruussel,Brussels
Ere,Hainaut
Lamine,Liege
Écaussinnes,Hainaut
Langdorp,VlaamsBrabant
Tourcoing,Hauts-de-France
Hertain,Hainaut
Membach,Liege
Blanden,VlaamsBrabant
's-Gravenwezel,Antwerpen
Havre,Hainaut
Poppel,Antwerpen
Eisden,Limburg
Deuurne,Antwerpen
Overijze,VlaamsBrabant
Herseaux,Hainaut
Gierle,Antwerpen
Blaasveld,Antwerpen
Beverlo,Limburg
houthalen-Helchteren,Limburg
Landen BE,VlaamsBrabant
Mariakerke,OostVlaanderen
Cuesmes,Hainaut
Koningshooikt,Antwerpen
Jumet,Hainaut
Mellet,Hainaut
Estaimbourg,Hainaut
Kessel-Lo,VlaamsBrabant
Weert,Limburg (NL)
Roucourt,Hainaut
Erpe-mere,OostVlaanderen
Genval,BrabantWallon
Loupoigne,BrabantWallon
Overpelt,Limburg
Roubaix,Hauts-de-France
Lippelo,Antwerpen
Beerst,WestVlaanderen
Neufvilles,Hainaut
Goutroux,Hainaut
Horrues,Hainaut
Bernieres-le-Patry,Normandy
Forchies-la-Marche,Hainaut
Heppen,Limburg
Veerle,Antwerpen
Haren,Brussels
Winksele,VlaamsBrabant
Kain,Hainaut
Aiseau,Hainaut
Vlamertinge,WestVlaanderen
Vremde,Antwerpen
Paal,Limburg
Langemark,WestVlaanderen
Templeuve,Hainaut
Thieulain,Hainaut
Maurage,Hainaut
Humbeek,VlaamsBrabant
Werchter,VlaamsBrabant
Heverlee,VlaamsBrabant
Diegem,VlaamsBrabant
Kalken,OostVlaanderen
Wadelincourt,Hainaut
Beverst,Limburg
Tessenderloo,Limburg
Roermond,Limburg (NL)
Couillet,Hainaut
Erpent,Namur
Berchem,Antwerpen
Breendonk,Antwerpen
Couthuin,Liege
Beuzet,Namur
Bressoux,Liege
Oostakker,OostVlaanderen
Geluwe,WestVlaanderen
Wandre,Liege
Molenstede,VlaamsBrabant
Stevoort,Limburg
Deurne,Antwerpen
Nossegem,VlaamsBrabant
Casteau,Hainaut
Zolder,Limburg
Grand-Leez,Namur
Crespispin,Hauts-de-France
Ransart,Hainaut
Wilrijk,Antwerpen
Wijgmaal,VlaamsBrabant
Flénu,Hainaut
Puurs,Antwerpen
Neufmaison,Hainaut
Marcinelle,Hainaut
Buzet,Hainaut
Ottignies,BrabantWallon
Sint-Stevens-Woluwe,VlaamsBrabant
Mouuscron,Hainaut
Wespelaar,VlaamsBrabant
Yernée-Fraineux,Liege
Bois-de-Villers,Namur
Henri-Chapelle,Liege
Willaupuis,Hainaut
Bassilly,Hainaut
Givry,Hainaut
Arbre,Namur
Lotenhulle,OostVlaanderen
Lovendegem,OostVlaanderen
Comines,Hainaut
Laeken,Brussels
Melsbroek,VlaamsBrabant
Groslay,Île-de-France
Lidzbark,Poland
Villerot,Hainaut
Glimes,BrabantWallon
Everberg,VlaamsBrabant
Grote-Brogel,Limburg
Saive,Liege
Sint-jans-molenbeek,Brussels
Bauffe,Hainaut
Duisburg,VlaamsBrabant
Oevel,Antwerpen
Saint-Giles,Brussels
Court-saint-etienne,BrabantWallon
Brussels,Brussels
Yernée-fraineux,Liege
Chatelet,Hainaut
Beverloo,Limburg
Colfontaine,Hainaut
Veltem-Beisem,VlaamsBrabant
Büllingen,Liege
Saint-Saulve,Hauts-de-France
Bernières-le-Patry,Calvados
Maldegem,OostVlaanderen
Voroux-lez-Liers,Liege
Éghezée,Namur
Lo,WestVlaanderen
Forchies-la-Marche,Hainaut
Mons,Hainaut
Hemiksem,Antwerpen
Duisberg,North Rhine-Westphalia
Monceau-sur-sambre,Hainaut
Limburg,Limburg
Hainaut,Hainaut
Komen,Hainaut
Montignies-sur-Sambre,Hainaut
Laplaigne,Hainaut
Le Roeulx,Hainaut
OostVlaanderen,OostVlaanderen
Flines-lès-Mortagne,Hauts-de-France
Basècles,Hainaut
Fontaine-l'Évêque,Hainaut
Scherpenheuvel-Zichem,VlaamsBrabant
La Louvière,Hainaut
Laakdal,Antwerpen
Court-Saint-Étienne,BrabantWallon
Beveren-Waas,OostVlaanderen
Sint-Pieter-Woluwe,Brussels
Crespin,Hauts-de-France
Leers,Hauts-de-France
Limburg BE,Limburg
Brabant Wallon,BrabantWallon
